packet_no,source_ip,destination_ip,protocol,payload
1,13:44:03,20.189.173.6,192.168.31.131,TCP,No payload
2,13:44:04,192.168.31.1,224.0.0.1,OTHER,Binary/Encrypted Data
3,13:44:04,192.168.31.131,224.0.0.22,OTHER,Binary/Encrypted Data
4,13:44:05,192.168.31.131,224.0.0.22,OTHER,Binary/Encrypted Data
5,13:44:10,192.168.31.131,148.113.8.206,TCP,Binary/Encrypted Data
6,13:44:10,148.113.8.206,192.168.31.131,TCP,No payload
7,13:44:10,192.168.31.131,148.113.8.206,TCP,No payload
8,13:44:10,192.168.31.1,224.0.0.1,OTHER,Binary/Encrypted Data
9,13:44:10,192.168.31.131,224.0.0.22,OTHER,Binary/Encrypted Data
10,13:44:11,192.168.31.131,224.0.0.22,OTHER,Binary/Encrypted Data
11,13:44:11,192.168.31.131,224.0.0.22,OTHER,Binary/Encrypted Data
12,13:44:12,192.168.31.131,148.113.8.206,TCP,Binary/Encrypted Data
13,13:44:12,148.113.8.206,192.168.31.131,TCP,No payload
14,13:44:16,192.168.31.1,224.0.0.1,OTHER,Binary/Encrypted Data
15,13:44:16,192.168.31.131,224.0.0.22,OTHER,Binary/Encrypted Data
16,13:44:17,192.168.31.131,224.0.0.22,OTHER,Binary/Encrypted Data
17,13:44:20,192.168.31.131,185.199.110.133,TCP,Binary/Encrypted Data
18,13:44:20,185.199.110.133,192.168.31.131,TCP,No payload
19,13:44:22,148.113.8.206,192.168.31.131,TCP,No payload
20,13:44:22,192.168.31.131,148.113.8.206,TCP,No payload
21,13:44:22,192.168.31.131,148.113.8.206,TCP,Binary/Encrypted Data
22,13:44:22,148.113.8.206,192.168.31.131,TCP,No payload
23,13:44:22,192.168.31.1,224.0.0.1,OTHER,Binary/Encrypted Data
24,13:44:22,192.168.31.131,224.0.0.22,OTHER,Binary/Encrypted Data
25,13:44:23,192.168.31.131,224.0.0.22,OTHER,Binary/Encrypted Data
26,13:44:28,192.168.31.1,224.0.0.1,OTHER,Binary/Encrypted Data
27,13:44:28,192.168.31.131,224.0.0.22,OTHER,Binary/Encrypted Data
28,13:44:29,192.168.31.131,20.189.173.16,TCP,No payload
29,13:44:29,192.168.31.131,224.0.0.22,OTHER,Binary/Encrypted Data
30,13:44:29,20.189.173.16,192.168.31.131,TCP,No payload
31,13:44:29,192.168.31.131,20.189.173.16,TCP,No payload
32,13:44:29,192.168.31.131,20.189.173.16,TCP,Binary/Encrypted Data
33,13:44:29,20.189.173.16,192.168.31.131,TCP,Binary/Encrypted Data
34,13:44:29,20.189.173.16,192.168.31.131,TCP,Binary/Encrypted Data
35,13:44:29,20.189.173.16,192.168.31.131,TCP,Binary/Encrypted Data
36,13:44:29,20.189.173.16,192.168.31.131,TCP,Binary/Encrypted Data
37,13:44:29,192.168.31.131,20.189.173.16,TCP,No payload
38,13:44:29,20.189.173.16,192.168.31.131,TCP,Binary/Encrypted Data
39,13:44:29,20.189.173.16,192.168.31.131,TCP,Binary/Encrypted Data
40,13:44:29,20.189.173.16,192.168.31.131,TCP,Binary/Encrypted Data
41,13:44:29,192.168.31.131,20.189.173.16,TCP,No payload
42,13:44:29,192.168.31.131,20.189.173.16,TCP,Binary/Encrypted Data
43,13:44:29,192.168.31.131,20.189.173.16,TCP,Binary/Encrypted Data
44,13:44:29,192.168.31.131,20.189.173.16,TCP,Binary/Encrypted Data
45,13:44:29,192.168.31.131,20.189.173.16,TCP,Binary/Encrypted Data
46,13:44:29,192.168.31.131,224.0.0.22,OTHER,Binary/Encrypted Data
47,13:44:29,20.189.173.16,192.168.31.131,TCP,Binary/Encrypted Data
48,13:44:29,192.168.31.131,20.189.173.16,TCP,No payload
49,13:44:29,20.189.173.16,192.168.31.131,TCP,Binary/Encrypted Data
50,13:44:29,20.189.173.16,192.168.31.131,TCP,No payload
51,13:44:29,20.189.173.16,192.168.31.131,TCP,Binary/Encrypted Data
52,13:44:29,192.168.31.131,20.189.173.16,TCP,No payload
53,13:44:32,192.168.31.131,162.159.135.234,TCP,Binary/Encrypted Data
54,13:44:32,162.159.135.234,192.168.31.131,TCP,No payload
55,13:44:32,192.168.31.131,148.113.8.206,TCP,Binary/Encrypted Data
56,13:44:32,148.113.8.206,192.168.31.131,TCP,No payload
57,13:44:32,162.159.135.234,192.168.31.131,TCP,Binary/Encrypted Data
58,13:44:32,192.168.31.131,162.159.135.234,TCP,No payload
59,13:44:34,192.168.31.1,224.0.0.1,OTHER,Binary/Encrypted Data
60,13:44:34,192.168.31.131,224.0.0.22,OTHER,Binary/Encrypted Data
61,13:44:35,192.168.31.131,224.0.0.22,OTHER,Binary/Encrypted Data
62,13:44:35,192.168.31.131,224.0.0.22,OTHER,Binary/Encrypted Data
63,13:44:40,192.168.31.1,224.0.0.1,OTHER,Binary/Encrypted Data
64,13:44:40,192.168.31.131,224.0.0.22,OTHER,Binary/Encrypted Data
65,13:44:41,192.168.31.131,224.0.0.22,OTHER,Binary/Encrypted Data
66,13:44:41,192.168.31.131,224.0.0.22,OTHER,Binary/Encrypted Data
67,13:44:42,192.168.31.131,148.113.8.206,TCP,Binary/Encrypted Data
68,13:44:42,148.113.8.206,192.168.31.131,TCP,No payload
69,13:44:42,192.168.31.131,140.82.114.25,TCP,Binary/Encrypted Data
70,13:44:43,140.82.114.25,192.168.31.131,TCP,No payload
71,13:44:44,192.168.31.131,192.168.31.1,UDP,No payload
72,13:44:44,192.168.31.131,192.168.31.1,UDP,No payload
73,13:44:44,192.168.31.1,192.168.31.131,UDP,No payload
74,13:44:44,192.168.31.1,192.168.31.131,UDP,No payload
75,13:44:46,192.168.31.1,224.0.0.1,OTHER,Binary/Encrypted Data
76,13:44:46,192.168.31.131,224.0.0.22,OTHER,Binary/Encrypted Data
77,13:44:47,192.168.31.131,224.0.0.22,OTHER,Binary/Encrypted Data
78,13:44:47,192.168.31.131,224.0.0.22,OTHER,Binary/Encrypted Data
79,13:44:52,192.168.31.131,148.113.8.206,TCP,Binary/Encrypted Data
80,13:44:52,192.168.31.1,224.0.0.1,OTHER,Binary/Encrypted Data
81,13:44:52,148.113.8.206,192.168.31.131,TCP,No payload
82,13:44:52,192.168.31.131,224.0.0.22,OTHER,Binary/Encrypted Data
83,13:44:53,192.168.31.131,224.0.0.22,OTHER,Binary/Encrypted Data
84,13:44:53,192.168.31.131,224.0.0.22,OTHER,Binary/Encrypted Data
85,13:44:56,192.168.31.131,192.168.31.1,UDP,No payload
86,13:44:56,192.168.31.131,192.168.31.1,UDP,No payload
87,13:44:56,192.168.31.131,192.168.31.1,UDP,No payload
88,13:44:56,192.168.31.1,192.168.31.131,UDP,No payload
89,13:44:56,192.168.31.1,192.168.31.131,UDP,No payload
90,13:44:56,192.168.31.1,192.168.31.131,UDP,No payload
91,13:44:56,192.168.31.131,192.168.31.1,UDP,No payload
92,13:44:56,192.168.31.131,192.168.31.1,UDP,No payload
93,13:44:56,192.168.31.131,192.168.31.1,UDP,No payload
94,13:44:56,192.168.31.1,192.168.31.131,UDP,No payload
95,13:44:56,192.168.31.1,192.168.31.131,UDP,No payload
96,13:44:56,192.168.31.1,192.168.31.131,UDP,No payload
97,13:44:56,192.168.31.131,192.168.31.1,UDP,No payload
98,13:44:56,192.168.31.131,192.168.31.1,UDP,No payload
99,13:44:56,192.168.31.131,192.168.31.1,UDP,No payload
100,13:44:56,192.168.31.1,192.168.31.131,UDP,No payload
101,13:44:56,192.168.31.1,192.168.31.131,UDP,No payload
102,13:44:56,192.168.31.1,192.168.31.131,UDP,No payload
103,13:44:57,140.82.114.25,192.168.31.131,TCP,Binary/Encrypted Data
104,13:44:57,192.168.31.131,140.82.114.25,TCP,Binary/Encrypted Data
105,13:44:57,140.82.114.25,192.168.31.131,TCP,No payload
106,13:44:58,192.168.31.1,224.0.0.1,OTHER,Binary/Encrypted Data
107,13:44:58,192.168.31.131,224.0.0.22,OTHER,Binary/Encrypted Data
108,13:44:59,192.168.31.131,224.0.0.22,OTHER,Binary/Encrypted Data
109,13:45:01,192.168.31.131,192.168.31.1,UDP,No payload
110,13:45:01,192.168.31.131,192.168.31.1,UDP,No payload
111,13:45:01,192.168.31.131,192.168.31.1,UDP,No payload
112,13:45:01,192.168.31.1,192.168.31.131,UDP,No payload
113,13:45:01,192.168.31.1,192.168.31.131,UDP,No payload
114,13:45:01,192.168.31.1,192.168.31.131,UDP,No payload
115,13:45:01,192.168.31.131,204.79.197.254,TCP,No payload
116,13:45:01,204.79.197.254,192.168.31.131,TCP,No payload
117,13:45:01,192.168.31.131,204.79.197.254,TCP,No payload
118,13:45:01,192.168.31.131,204.79.197.254,TCP,Binary/Encrypted Data
119,13:45:01,192.168.31.131,204.79.197.254,TCP,Binary/Encrypted Data
120,13:45:01,204.79.197.254,192.168.31.131,TCP,No payload
121,13:45:01,204.79.197.254,192.168.31.131,TCP,Binary/Encrypted Data
122,13:45:01,192.168.31.131,204.79.197.254,TCP,Binary/Encrypted Data
123,13:45:01,204.79.197.254,192.168.31.131,TCP,No payload
124,13:45:01,204.79.197.254,192.168.31.131,TCP,Binary/Encrypted Data
125,13:45:01,204.79.197.254,192.168.31.131,TCP,Binary/Encrypted Data
126,13:45:01,204.79.197.254,192.168.31.131,TCP,Binary/Encrypted Data
127,13:45:01,204.79.197.254,192.168.31.131,TCP,Binary/Encrypted Data
128,13:45:01,192.168.31.131,204.79.197.254,TCP,No payload
129,13:45:01,192.168.31.131,204.79.197.254,TCP,No payload
130,13:45:01,192.168.31.131,204.79.197.254,TCP,Binary/Encrypted Data
131,13:45:01,192.168.31.131,204.79.197.254,TCP,Binary/Encrypted Data
132,13:45:01,192.168.31.131,204.79.197.254,TCP,Binary/Encrypted Data
133,13:45:01,204.79.197.254,192.168.31.131,TCP,No payload
134,13:45:01,204.79.197.254,192.168.31.131,TCP,No payload
135,13:45:01,204.79.197.254,192.168.31.131,TCP,No payload
136,13:45:01,204.79.197.254,192.168.31.131,TCP,Binary/Encrypted Data
137,13:45:01,204.79.197.254,192.168.31.131,TCP,Binary/Encrypted Data
138,13:45:01,204.79.197.254,192.168.31.131,TCP,Binary/Encrypted Data
139,13:45:01,204.79.197.254,192.168.31.131,TCP,Binary/Encrypted Data
140,13:45:01,192.168.31.131,204.79.197.254,TCP,No payload
141,13:45:01,192.168.31.131,204.79.197.254,TCP,Binary/Encrypted Data
142,13:45:01,192.168.31.131,204.79.197.254,TCP,Binary/Encrypted Data
143,13:45:01,204.79.197.254,192.168.31.131,TCP,No payload
144,13:45:01,204.79.197.254,192.168.31.131,TCP,No payload
145,13:45:01,204.79.197.254,192.168.31.131,TCP,Binary/Encrypted Data
146,13:45:02,204.79.197.254,192.168.31.131,TCP,Binary/Encrypted Data
147,13:45:02,192.168.31.131,204.79.197.254,TCP,No payload
148,13:45:02,192.168.31.131,204.79.197.254,TCP,No payload
149,13:45:02,192.168.31.131,192.168.31.1,UDP,No payload
150,13:45:02,192.168.31.131,192.168.31.1,UDP,No payload
151,13:45:02,192.168.31.131,192.168.31.1,UDP,No payload
152,13:45:02,192.168.31.1,192.168.31.131,UDP,No payload
153,13:45:02,192.168.31.1,192.168.31.131,UDP,No payload
154,13:45:02,192.168.31.1,192.168.31.131,UDP,No payload
155,13:45:02,192.168.31.131,192.168.31.1,UDP,No payload
156,13:45:02,192.168.31.131,192.168.31.1,UDP,No payload
157,13:45:02,192.168.31.131,192.168.31.1,UDP,No payload
158,13:45:02,192.168.31.1,192.168.31.131,UDP,No payload
159,13:45:02,192.168.31.1,192.168.31.131,UDP,No payload
160,13:45:02,192.168.31.1,192.168.31.131,UDP,No payload
161,13:45:02,192.168.31.131,148.113.8.206,TCP,Binary/Encrypted Data
162,13:45:02,148.113.8.206,192.168.31.131,TCP,No payload
163,13:45:03,192.168.31.131,192.168.31.1,UDP,No payload
164,13:45:03,192.168.31.131,192.168.31.1,UDP,No payload
165,13:45:03,192.168.31.131,192.168.31.1,UDP,No payload
166,13:45:03,192.168.31.1,192.168.31.131,UDP,No payload
167,13:45:03,192.168.31.1,192.168.31.131,UDP,No payload
168,13:45:03,192.168.31.1,192.168.31.131,UDP,No payload
169,13:45:03,192.168.31.131,204.79.197.222,TCP,No payload
170,13:45:03,204.79.197.222,192.168.31.131,TCP,No payload
171,13:45:03,192.168.31.131,204.79.197.222,TCP,No payload
172,13:45:03,192.168.31.131,204.79.197.222,TCP,Binary/Encrypted Data
173,13:45:03,192.168.31.131,204.79.197.222,TCP,Binary/Encrypted Data
174,13:45:03,204.79.197.222,192.168.31.131,TCP,No payload
175,13:45:03,204.79.197.222,192.168.31.131,TCP,Binary/Encrypted Data
176,13:45:03,192.168.31.131,204.79.197.222,TCP,Binary/Encrypted Data
177,13:45:03,204.79.197.222,192.168.31.131,TCP,No payload
178,13:45:03,204.79.197.222,192.168.31.131,TCP,Binary/Encrypted Data
179,13:45:03,204.79.197.222,192.168.31.131,TCP,Binary/Encrypted Data
180,13:45:03,204.79.197.222,192.168.31.131,TCP,Binary/Encrypted Data
181,13:45:03,204.79.197.222,192.168.31.131,TCP,Binary/Encrypted Data
182,13:45:03,192.168.31.131,204.79.197.222,TCP,No payload
183,13:45:03,192.168.31.131,204.79.197.222,TCP,Binary/Encrypted Data
184,13:45:03,192.168.31.131,204.79.197.222,TCP,Binary/Encrypted Data
185,13:45:03,192.168.31.131,204.79.197.222,TCP,Binary/Encrypted Data
186,13:45:03,192.168.31.131,204.79.197.222,TCP,Binary/Encrypted Data
187,13:45:03,204.79.197.222,192.168.31.131,TCP,No payload
188,13:45:03,204.79.197.222,192.168.31.131,TCP,Binary/Encrypted Data
189,13:45:03,204.79.197.222,192.168.31.131,TCP,Binary/Encrypted Data
190,13:45:03,204.79.197.222,192.168.31.131,TCP,No payload
191,13:45:03,192.168.31.131,204.79.197.222,TCP,No payload
192,13:45:03,192.168.31.131,204.79.197.222,TCP,Binary/Encrypted Data
193,13:45:03,204.79.197.222,192.168.31.131,TCP,Binary/Encrypted Data
194,13:45:03,204.79.197.222,192.168.31.131,TCP,Binary/Encrypted Data
195,13:45:03,192.168.31.131,204.79.197.222,TCP,No payload
196,13:45:03,192.168.31.131,204.79.197.222,TCP,No payload
197,13:45:03,204.79.197.222,192.168.31.131,TCP,No payload
198,13:45:04,192.168.31.1,224.0.0.1,OTHER,Binary/Encrypted Data
199,13:45:04,192.168.31.131,224.0.0.22,OTHER,Binary/Encrypted Data
200,13:45:05,192.168.31.131,224.0.0.22,OTHER,Binary/Encrypted Data
201,13:45:05,192.168.31.131,224.0.0.22,OTHER,Binary/Encrypted Data
202,13:45:05,192.168.31.131,185.199.110.133,TCP,Binary/Encrypted Data
203,13:45:06,185.199.110.133,192.168.31.131,TCP,No payload
204,13:45:10,192.168.31.1,224.0.0.1,OTHER,Binary/Encrypted Data
205,13:45:10,192.168.31.131,224.0.0.22,OTHER,Binary/Encrypted Data
206,13:45:12,192.168.31.131,148.113.8.206,TCP,Binary/Encrypted Data
207,13:45:12,148.113.8.206,192.168.31.131,TCP,No payload
208,13:45:13,192.168.31.131,20.190.146.38,TCP,No payload
209,13:45:13,20.190.146.38,192.168.31.131,TCP,No payload
210,13:45:13,192.168.31.131,20.190.146.38,TCP,No payload
211,13:45:13,192.168.31.131,162.159.135.234,TCP,Binary/Encrypted Data
212,13:45:13,162.159.135.234,192.168.31.131,TCP,No payload
213,13:45:13,162.159.135.234,192.168.31.131,TCP,Binary/Encrypted Data
214,13:45:13,192.168.31.131,162.159.135.234,TCP,No payload
215,13:45:16,192.168.31.1,224.0.0.1,OTHER,Binary/Encrypted Data
216,13:45:16,192.168.31.131,224.0.0.22,OTHER,Binary/Encrypted Data
217,13:45:17,192.168.31.131,224.0.0.22,OTHER,Binary/Encrypted Data
218,13:45:22,192.168.31.1,224.0.0.1,OTHER,Binary/Encrypted Data
219,13:45:22,192.168.31.131,148.113.8.206,TCP,Binary/Encrypted Data
220,13:45:22,148.113.8.206,192.168.31.131,TCP,No payload
221,13:45:22,192.168.31.131,148.113.8.206,TCP,No payload
222,13:45:22,148.113.8.206,192.168.31.131,TCP,No payload
223,13:45:22,192.168.31.131,224.0.0.22,OTHER,Binary/Encrypted Data
224,13:45:23,192.168.31.131,20.50.201.203,TCP,No payload
225,13:45:23,20.50.201.203,192.168.31.131,TCP,No payload
226,13:45:23,192.168.31.131,20.50.201.203,TCP,No payload
227,13:45:23,192.168.31.131,224.0.0.22,OTHER,Binary/Encrypted Data
228,13:45:28,192.168.31.1,224.0.0.1,OTHER,Binary/Encrypted Data
229,13:45:28,192.168.31.131,224.0.0.22,OTHER,Binary/Encrypted Data
230,13:45:28,192.168.31.131,20.189.173.16,TCP,Binary/Encrypted Data
231,13:45:28,192.168.31.131,20.189.173.16,TCP,Binary/Encrypted Data
232,13:45:28,192.168.31.131,20.189.173.16,TCP,Binary/Encrypted Data
233,13:45:29,20.189.173.16,192.168.31.131,TCP,No payload
234,13:45:29,20.189.173.16,192.168.31.131,TCP,Binary/Encrypted Data
235,13:45:29,192.168.31.131,20.189.173.16,TCP,No payload
236,13:45:29,192.168.31.131,224.0.0.22,OTHER,Binary/Encrypted Data
237,13:45:30,185.199.110.133,192.168.31.131,TCP,Binary/Encrypted Data
238,13:45:30,192.168.31.131,185.199.110.133,TCP,No payload
239,13:45:30,185.199.110.133,192.168.31.131,TCP,Binary/Encrypted Data
240,13:45:30,185.199.110.133,192.168.31.131,TCP,No payload
241,13:45:30,192.168.31.131,185.199.110.133,TCP,No payload
242,13:45:30,185.199.110.133,192.168.31.131,TCP,No payload
243,13:45:32,192.168.31.131,148.113.8.206,TCP,Binary/Encrypted Data
244,13:45:32,148.113.8.206,192.168.31.131,TCP,No payload
245,13:45:34,192.168.31.1,224.0.0.1,OTHER,Binary/Encrypted Data
246,13:45:34,192.168.31.131,224.0.0.22,OTHER,Binary/Encrypted Data
247,13:45:35,192.168.31.131,224.0.0.22,OTHER,Binary/Encrypted Data
248,13:45:40,192.168.31.1,224.0.0.1,OTHER,Binary/Encrypted Data
249,13:45:40,192.168.31.131,224.0.0.22,OTHER,Binary/Encrypted Data
250,13:45:41,192.168.31.131,224.0.0.22,OTHER,Binary/Encrypted Data
251,13:45:42,192.168.31.131,148.113.8.206,TCP,Binary/Encrypted Data
252,13:45:42,148.113.8.206,192.168.31.131,TCP,No payload
253,13:45:42,192.168.31.131,140.82.114.25,TCP,Binary/Encrypted Data
254,13:45:43,140.82.114.25,192.168.31.131,TCP,No payload
255,13:45:46,192.168.31.1,224.0.0.1,OTHER,Binary/Encrypted Data
256,13:45:46,192.168.31.131,204.79.197.254,TCP,Binary/Encrypted Data
257,13:45:46,192.168.31.131,224.0.0.22,OTHER,Binary/Encrypted Data
258,13:45:46,204.79.197.254,192.168.31.131,TCP,No payload
259,13:45:47,192.168.31.131,224.0.0.22,OTHER,Binary/Encrypted Data
260,13:45:48,192.168.31.131,204.79.197.222,TCP,Binary/Encrypted Data
261,13:45:48,204.79.197.222,192.168.31.131,TCP,No payload
262,13:45:52,192.168.31.1,224.0.0.1,OTHER,Binary/Encrypted Data
263,13:45:52,192.168.31.131,224.0.0.22,OTHER,Binary/Encrypted Data
264,13:45:52,192.168.31.131,148.113.8.206,TCP,Binary/Encrypted Data
265,13:45:52,148.113.8.206,192.168.31.131,TCP,No payload
266,13:45:52,192.168.31.131,148.113.8.206,TCP,No payload
267,13:45:53,148.113.8.206,192.168.31.131,TCP,No payload
268,13:45:53,192.168.31.131,192.168.31.1,UDP,No payload
269,13:45:53,192.168.31.131,192.168.31.1,UDP,No payload
270,13:45:53,192.168.31.131,192.168.31.1,UDP,No payload
271,13:45:53,192.168.31.1,192.168.31.131,UDP,No payload
272,13:45:53,192.168.31.1,192.168.31.131,UDP,No payload
273,13:45:53,192.168.31.1,192.168.31.131,UDP,No payload
274,13:45:53,192.168.31.131,224.0.0.22,OTHER,Binary/Encrypted Data
275,13:45:54,192.168.31.131,162.159.135.234,TCP,Binary/Encrypted Data
276,13:45:54,162.159.135.234,192.168.31.131,TCP,No payload
277,13:45:55,162.159.135.234,192.168.31.131,TCP,Binary/Encrypted Data
278,13:45:55,192.168.31.131,162.159.135.234,TCP,No payload
279,13:45:57,140.82.114.25,192.168.31.131,TCP,Binary/Encrypted Data
280,13:45:57,192.168.31.131,140.82.114.25,TCP,Binary/Encrypted Data
281,13:45:57,140.82.114.25,192.168.31.131,TCP,No payload
282,13:45:58,192.168.31.1,224.0.0.1,OTHER,Binary/Encrypted Data
283,13:45:58,192.168.31.131,224.0.0.22,OTHER,Binary/Encrypted Data
284,13:45:59,192.168.31.131,224.0.0.22,OTHER,Binary/Encrypted Data
285,13:46:02,192.168.31.131,148.113.8.206,TCP,Binary/Encrypted Data
286,13:46:03,148.113.8.206,192.168.31.131,TCP,No payload
287,13:46:04,192.168.31.1,224.0.0.1,OTHER,Binary/Encrypted Data
288,13:46:04,192.168.31.131,224.0.0.22,OTHER,Binary/Encrypted Data
289,13:46:05,192.168.31.131,224.0.0.22,OTHER,Binary/Encrypted Data
290,13:46:10,192.168.31.1,224.0.0.1,OTHER,Binary/Encrypted Data
291,13:46:10,192.168.31.131,224.0.0.22,OTHER,Binary/Encrypted Data
292,13:46:11,192.168.31.131,224.0.0.22,OTHER,Binary/Encrypted Data
293,13:46:13,148.113.8.206,192.168.31.131,TCP,No payload
294,13:46:13,192.168.31.131,148.113.8.206,TCP,No payload
295,13:46:13,192.168.31.131,148.113.8.206,TCP,Binary/Encrypted Data
296,13:46:13,148.113.8.206,192.168.31.131,TCP,No payload
297,13:46:16,192.168.31.1,224.0.0.1,OTHER,Binary/Encrypted Data
298,13:46:16,192.168.31.131,224.0.0.22,OTHER,Binary/Encrypted Data
299,13:46:17,192.168.31.131,224.0.0.22,OTHER,Binary/Encrypted Data
300,13:46:17,192.168.31.1,224.0.0.251,UDP,No payload
301,13:46:22,192.168.31.1,224.0.0.1,OTHER,Binary/Encrypted Data
302,13:46:22,192.168.31.131,224.0.0.22,OTHER,Binary/Encrypted Data
303,13:46:23,192.168.31.131,192.168.31.1,UDP,No payload
304,13:46:23,192.168.31.131,192.168.31.1,UDP,No payload
305,13:46:23,192.168.31.131,192.168.31.1,UDP,No payload
306,13:46:23,192.168.31.131,192.168.31.1,UDP,No payload
307,13:46:23,192.168.31.131,192.168.31.1,UDP,No payload
308,13:46:23,192.168.31.131,192.168.31.1,UDP,No payload
309,13:46:23,192.168.31.1,192.168.31.131,UDP,No payload
310,13:46:23,192.168.31.1,192.168.31.131,UDP,No payload
311,13:46:23,192.168.31.1,192.168.31.131,UDP,No payload
312,13:46:23,192.168.31.1,192.168.31.131,UDP,No payload
313,13:46:23,192.168.31.1,192.168.31.131,UDP,No payload
314,13:46:23,192.168.31.1,192.168.31.131,UDP,No payload
315,13:46:23,192.168.31.131,148.113.8.206,TCP,Binary/Encrypted Data
316,13:46:23,148.113.8.206,192.168.31.131,TCP,No payload
317,13:46:23,192.168.31.131,148.113.8.206,TCP,No payload
318,13:46:23,148.113.8.206,192.168.31.131,TCP,No payload
319,13:46:23,192.168.31.131,224.0.0.22,OTHER,Binary/Encrypted Data
320,13:46:25,192.168.31.131,20.189.173.16,TCP,Binary/Encrypted Data
321,13:46:25,192.168.31.131,20.189.173.16,TCP,Binary/Encrypted Data
322,13:46:25,192.168.31.131,20.189.173.16,TCP,Binary/Encrypted Data
323,13:46:25,20.189.173.16,192.168.31.131,TCP,No payload
324,13:46:25,20.189.173.16,192.168.31.131,TCP,Binary/Encrypted Data
325,13:46:25,192.168.31.131,20.189.173.16,TCP,No payload
326,13:46:25,192.168.31.131,192.168.31.1,UDP,No payload
327,13:46:25,192.168.31.131,192.168.31.1,UDP,No payload
328,13:46:25,192.168.31.131,192.168.31.1,UDP,No payload
329,13:46:25,192.168.31.1,192.168.31.131,UDP,No payload
330,13:46:25,192.168.31.1,192.168.31.131,UDP,No payload
331,13:46:25,192.168.31.1,192.168.31.131,UDP,No payload
332,13:46:25,192.168.31.131,192.168.31.1,UDP,No payload
333,13:46:26,192.168.31.131,192.168.31.1,UDP,No payload
334,13:46:26,192.168.31.131,192.168.31.1,UDP,No payload
335,13:46:26,192.168.31.1,192.168.31.131,UDP,No payload
336,13:46:26,192.168.31.1,192.168.31.131,UDP,No payload
337,13:46:26,192.168.31.1,192.168.31.131,UDP,No payload
338,13:46:26,192.168.31.131,192.168.31.1,UDP,No payload
339,13:46:26,192.168.31.131,192.168.31.1,UDP,No payload
340,13:46:26,192.168.31.131,192.168.31.1,UDP,No payload
341,13:46:26,192.168.31.131,192.168.31.1,UDP,No payload
342,13:46:26,192.168.31.131,192.168.31.1,UDP,No payload
343,13:46:26,192.168.31.131,192.168.31.1,UDP,No payload
344,13:46:26,192.168.31.1,192.168.31.131,UDP,No payload
345,13:46:26,192.168.31.1,192.168.31.131,UDP,No payload
346,13:46:26,192.168.31.1,192.168.31.131,UDP,No payload
347,13:46:27,192.168.31.1,192.168.31.131,UDP,No payload
348,13:46:27,192.168.31.1,192.168.31.131,UDP,No payload
349,13:46:27,192.168.31.1,192.168.31.131,UDP,No payload
350,13:46:27,192.168.31.131,13.107.4.254,TCP,No payload
351,13:46:27,13.107.4.254,192.168.31.131,TCP,No payload
352,13:46:27,192.168.31.131,13.107.4.254,TCP,No payload
353,13:46:27,192.168.31.131,13.107.4.254,TCP,Binary/Encrypted Data
354,13:46:27,192.168.31.131,13.107.4.254,TCP,Binary/Encrypted Data
355,13:46:27,13.107.4.254,192.168.31.131,TCP,No payload
356,13:46:27,13.107.4.254,192.168.31.131,TCP,Binary/Encrypted Data
357,13:46:27,192.168.31.131,13.107.4.254,TCP,Binary/Encrypted Data
358,13:46:27,13.107.4.254,192.168.31.131,TCP,No payload
359,13:46:27,13.107.4.254,192.168.31.131,TCP,Binary/Encrypted Data
360,13:46:27,13.107.4.254,192.168.31.131,TCP,Binary/Encrypted Data
361,13:46:27,192.168.31.131,13.107.4.254,TCP,No payload
362,13:46:27,192.168.31.131,13.107.4.254,TCP,No payload
363,13:46:27,13.107.4.254,192.168.31.131,TCP,Binary/Encrypted Data
364,13:46:27,13.107.4.254,192.168.31.131,TCP,Binary/Encrypted Data
365,13:46:27,192.168.31.131,13.107.4.254,TCP,No payload
366,13:46:27,192.168.31.131,13.107.4.254,TCP,Binary/Encrypted Data
367,13:46:27,192.168.31.131,13.107.4.254,TCP,Binary/Encrypted Data
368,13:46:27,192.168.31.131,13.107.4.254,TCP,Binary/Encrypted Data
369,13:46:27,13.107.4.254,192.168.31.131,TCP,No payload
370,13:46:27,13.107.4.254,192.168.31.131,TCP,Binary/Encrypted Data
371,13:46:27,13.107.4.254,192.168.31.131,TCP,Binary/Encrypted Data
372,13:46:27,13.107.4.254,192.168.31.131,TCP,Binary/Encrypted Data
373,13:46:27,13.107.4.254,192.168.31.131,TCP,Binary/Encrypted Data
374,13:46:27,192.168.31.131,13.107.4.254,TCP,No payload
375,13:46:27,192.168.31.131,13.107.4.254,TCP,Binary/Encrypted Data
376,13:46:27,192.168.31.131,13.107.4.254,TCP,Binary/Encrypted Data
377,13:46:27,13.107.4.254,192.168.31.131,TCP,No payload
378,13:46:27,13.107.4.254,192.168.31.131,TCP,No payload
379,13:46:27,13.107.4.254,192.168.31.131,TCP,Binary/Encrypted Data
380,13:46:27,13.107.4.254,192.168.31.131,TCP,Binary/Encrypted Data
381,13:46:27,192.168.31.131,13.107.4.254,TCP,No payload
382,13:46:27,192.168.31.131,13.107.4.254,TCP,No payload
383,13:46:27,192.168.31.131,192.168.31.1,UDP,No payload
384,13:46:27,192.168.31.131,192.168.31.1,UDP,No payload
385,13:46:28,192.168.31.131,192.168.31.1,UDP,No payload
386,13:46:28,192.168.31.131,204.79.197.222,TCP,Binary/Encrypted Data
387,13:46:28,192.168.31.131,204.79.197.222,TCP,Binary/Encrypted Data
388,13:46:28,192.168.31.1,192.168.31.131,UDP,No payload
389,13:46:28,204.79.197.222,192.168.31.131,TCP,No payload
390,13:46:28,204.79.197.222,192.168.31.131,TCP,No payload
391,13:46:28,204.79.197.222,192.168.31.131,TCP,Binary/Encrypted Data
392,13:46:28,204.79.197.222,192.168.31.131,TCP,Binary/Encrypted Data
393,13:46:28,204.79.197.222,192.168.31.131,TCP,Binary/Encrypted Data
394,13:46:28,192.168.31.1,192.168.31.131,UDP,No payload
395,13:46:28,192.168.31.131,204.79.197.222,TCP,No payload
396,13:46:28,192.168.31.131,204.79.197.222,TCP,No payload
397,13:46:28,192.168.31.131,204.79.197.222,TCP,Binary/Encrypted Data
398,13:46:28,192.168.31.1,192.168.31.131,UDP,No payload
399,13:46:28,204.79.197.222,192.168.31.131,TCP,No payload
400,13:46:28,192.168.31.131,20.189.173.16,TCP,Binary/Encrypted Data
401,13:46:28,192.168.31.131,20.189.173.16,TCP,Binary/Encrypted Data
402,13:46:28,192.168.31.131,20.189.173.16,TCP,Binary/Encrypted Data
403,13:46:28,20.189.173.16,192.168.31.131,TCP,No payload
404,13:46:28,20.189.173.16,192.168.31.131,TCP,Binary/Encrypted Data
405,13:46:28,192.168.31.131,20.189.173.16,TCP,No payload
406,13:46:28,192.168.31.1,224.0.0.1,OTHER,Binary/Encrypted Data
407,13:46:28,192.168.31.131,224.0.0.22,OTHER,Binary/Encrypted Data
408,13:46:29,192.168.31.131,224.0.0.22,OTHER,Binary/Encrypted Data
409,13:46:31,192.168.31.131,204.79.197.254,TCP,Binary/Encrypted Data
410,13:46:31,204.79.197.254,192.168.31.131,TCP,No payload
411,13:46:33,192.168.31.131,148.113.8.206,TCP,Binary/Encrypted Data
412,13:46:33,148.113.8.206,192.168.31.131,TCP,No payload
413,13:46:33,192.168.31.131,148.113.8.206,TCP,No payload
414,13:46:33,148.113.8.206,192.168.31.131,TCP,No payload
415,13:46:34,192.168.31.1,224.0.0.1,OTHER,Binary/Encrypted Data
416,13:46:34,192.168.31.131,224.0.0.22,OTHER,Binary/Encrypted Data
417,13:46:35,192.168.31.131,224.0.0.22,OTHER,Binary/Encrypted Data
418,13:46:35,192.168.31.131,224.0.0.22,OTHER,Binary/Encrypted Data
419,13:46:35,192.168.31.131,162.159.135.234,TCP,Binary/Encrypted Data
420,13:46:35,162.159.135.234,192.168.31.131,TCP,No payload
421,13:46:36,162.159.135.234,192.168.31.131,TCP,Binary/Encrypted Data
422,13:46:36,192.168.31.131,162.159.135.234,TCP,No payload
423,13:46:40,192.168.31.1,224.0.0.1,OTHER,Binary/Encrypted Data
424,13:46:40,192.168.31.131,224.0.0.22,OTHER,Binary/Encrypted Data
425,13:46:41,192.168.31.131,224.0.0.22,OTHER,Binary/Encrypted Data
426,13:46:43,192.168.31.131,140.82.114.25,TCP,Binary/Encrypted Data
427,13:46:43,140.82.114.25,192.168.31.131,TCP,No payload
428,13:46:43,192.168.31.131,148.113.8.206,TCP,Binary/Encrypted Data
429,13:46:43,148.113.8.206,192.168.31.131,TCP,No payload
430,13:46:46,192.168.31.1,224.0.0.1,OTHER,Binary/Encrypted Data
431,13:46:46,192.168.31.131,224.0.0.22,OTHER,Binary/Encrypted Data
432,13:46:47,192.168.31.131,224.0.0.22,OTHER,Binary/Encrypted Data
433,13:46:50,192.168.31.131,192.168.31.1,UDP,No payload
434,13:46:50,192.168.31.131,192.168.31.1,UDP,No payload
435,13:46:50,192.168.31.131,192.168.31.1,UDP,No payload
436,13:46:50,192.168.31.1,192.168.31.131,UDP,No payload
437,13:46:50,192.168.31.1,192.168.31.131,UDP,No payload
438,13:46:50,192.168.31.1,192.168.31.131,UDP,No payload
439,13:46:50,192.168.31.131,162.159.135.232,UDP,Binary/Encrypted Data
440,13:46:50,192.168.31.131,162.159.135.232,UDP,Binary/Encrypted Data
441,13:46:50,192.168.31.131,162.159.135.232,UDP,Binary/Encrypted Data
442,13:46:50,162.159.135.232,192.168.31.131,UDP,Binary/Encrypted Data
443,13:46:50,162.159.135.232,192.168.31.131,UDP,Binary/Encrypted Data
444,13:46:50,162.159.135.232,192.168.31.131,UDP,Binary/Encrypted Data
445,13:46:50,162.159.135.232,192.168.31.131,UDP,Binary/Encrypted Data
446,13:46:50,162.159.135.232,192.168.31.131,UDP,Binary/Encrypted Data
447,13:46:50,162.159.135.232,192.168.31.131,UDP,Binary/Encrypted Data
448,13:46:50,192.168.31.131,162.159.135.232,UDP,Binary/Encrypted Data
449,13:46:50,192.168.31.131,162.159.135.232,UDP,Binary/Encrypted Data
450,13:46:50,192.168.31.131,162.159.135.232,UDP,Binary/Encrypted Data
451,13:46:50,192.168.31.131,162.159.135.232,UDP,Binary/Encrypted Data
452,13:46:50,192.168.31.131,162.159.135.232,UDP,Binary/Encrypted Data
453,13:46:50,162.159.135.232,192.168.31.131,UDP,Binary/Encrypted Data
454,13:46:50,192.168.31.131,162.159.135.232,UDP,Binary/Encrypted Data
455,13:46:50,162.159.135.232,192.168.31.131,UDP,Binary/Encrypted Data
456,13:46:50,192.168.31.131,162.159.135.232,UDP,Binary/Encrypted Data
457,13:46:50,162.159.135.232,192.168.31.131,UDP,Binary/Encrypted Data
458,13:46:50,192.168.31.131,162.159.135.232,UDP,Binary/Encrypted Data
459,13:46:52,192.168.31.1,224.0.0.1,OTHER,Binary/Encrypted Data
460,13:46:52,192.168.31.131,224.0.0.22,OTHER,Binary/Encrypted Data
461,13:46:53,192.168.31.131,148.113.8.206,TCP,Binary/Encrypted Data
462,13:46:53,148.113.8.206,192.168.31.131,TCP,No payload
463,13:46:53,192.168.31.131,224.0.0.22,OTHER,Binary/Encrypted Data
464,13:46:55,192.168.31.131,192.168.31.1,UDP,No payload
465,13:46:55,192.168.31.131,192.168.31.1,UDP,No payload
466,13:46:55,192.168.31.131,192.168.31.1,UDP,No payload
467,13:46:55,192.168.31.1,192.168.31.131,UDP,No payload
468,13:46:55,192.168.31.1,192.168.31.131,UDP,No payload
469,13:46:55,192.168.31.1,192.168.31.131,UDP,No payload
470,13:46:56,192.168.31.131,192.168.31.1,UDP,No payload
471,13:46:56,192.168.31.131,192.168.31.1,UDP,No payload
472,13:46:56,192.168.31.131,192.168.31.1,UDP,No payload
473,13:46:56,192.168.31.1,192.168.31.131,UDP,No payload
474,13:46:56,192.168.31.1,192.168.31.131,UDP,No payload
475,13:46:56,192.168.31.1,192.168.31.131,UDP,No payload
476,13:46:56,192.168.31.131,192.168.31.1,UDP,No payload
477,13:46:56,192.168.31.131,192.168.31.1,UDP,No payload
478,13:46:56,192.168.31.131,192.168.31.1,UDP,No payload
479,13:46:57,192.168.31.131,162.159.135.232,UDP,Binary/Encrypted Data
480,13:46:57,192.168.31.131,162.159.135.232,UDP,Binary/Encrypted Data
481,13:46:57,192.168.31.131,162.159.135.232,UDP,Binary/Encrypted Data
482,13:46:57,192.168.31.131,162.159.135.232,UDP,Binary/Encrypted Data
483,13:46:58,192.168.31.1,224.0.0.1,OTHER,Binary/Encrypted Data
484,13:46:58,140.82.114.25,192.168.31.131,TCP,Binary/Encrypted Data
485,13:46:58,140.82.114.25,192.168.31.131,TCP,Binary/Encrypted Data
486,13:46:58,192.168.31.1,192.168.31.131,UDP,No payload
487,13:46:58,192.168.31.1,192.168.31.131,UDP,No payload
488,13:46:58,192.168.31.1,192.168.31.131,UDP,No payload
489,13:46:58,192.168.31.131,140.82.114.25,TCP,No payload
490,13:46:58,192.168.31.131,140.82.114.25,TCP,Binary/Encrypted Data
491,13:46:58,162.159.135.232,192.168.31.131,UDP,Binary/Encrypted Data
492,13:46:58,192.168.31.131,224.0.0.22,OTHER,Binary/Encrypted Data
493,13:46:58,140.82.114.25,192.168.31.131,TCP,Binary/Encrypted Data
494,13:46:58,192.168.31.131,140.82.114.25,TCP,No payload
495,13:46:59,140.82.114.25,192.168.31.131,TCP,No payload
496,13:46:59,162.159.135.232,192.168.31.131,UDP,Binary/Encrypted Data
497,13:46:59,192.168.31.131,162.159.135.232,UDP,Binary/Encrypted Data
498,13:46:59,192.168.31.131,162.159.135.232,UDP,Binary/Encrypted Data
499,13:46:59,162.159.135.232,192.168.31.131,UDP,Binary/Encrypted Data
500,13:46:59,162.159.135.232,192.168.31.131,UDP,Binary/Encrypted Data
501,13:46:59,192.168.31.131,162.159.135.232,UDP,Binary/Encrypted Data
502,13:46:59,192.168.31.131,224.0.0.22,OTHER,Binary/Encrypted Data
503,13:47:00,192.168.31.131,204.79.197.222,TCP,Binary/Encrypted Data
504,13:47:00,192.168.31.131,204.79.197.222,TCP,Binary/Encrypted Data
505,13:47:00,204.79.197.222,192.168.31.131,TCP,No payload
506,13:47:00,204.79.197.222,192.168.31.131,TCP,No payload
507,13:47:00,204.79.197.222,192.168.31.131,TCP,Binary/Encrypted Data
508,13:47:00,204.79.197.222,192.168.31.131,TCP,Binary/Encrypted Data
509,13:47:00,204.79.197.222,192.168.31.131,TCP,Binary/Encrypted Data
510,13:47:00,192.168.31.131,204.79.197.222,TCP,No payload
511,13:47:00,192.168.31.131,204.79.197.222,TCP,No payload
512,13:47:00,192.168.31.131,204.79.197.222,TCP,Binary/Encrypted Data
513,13:47:00,204.79.197.222,192.168.31.131,TCP,No payload
514,13:47:03,192.168.31.131,148.113.8.206,TCP,Binary/Encrypted Data
515,13:47:04,148.113.8.206,192.168.31.131,TCP,No payload
516,13:47:04,148.113.8.206,192.168.31.131,TCP,No payload
517,13:47:04,192.168.31.131,148.113.8.206,TCP,No payload
518,13:47:04,192.168.31.1,224.0.0.1,OTHER,Binary/Encrypted Data
519,13:47:04,192.168.31.131,224.0.0.22,OTHER,Binary/Encrypted Data
520,13:47:05,192.168.31.131,224.0.0.22,OTHER,Binary/Encrypted Data
521,13:47:07,204.79.197.254,192.168.31.131,TCP,No payload
522,13:47:10,192.168.31.1,224.0.0.1,OTHER,Binary/Encrypted Data
523,13:47:10,192.168.31.131,224.0.0.22,OTHER,Binary/Encrypted Data
524,13:47:11,192.168.31.131,224.0.0.22,OTHER,Binary/Encrypted Data
525,13:47:11,192.168.31.131,13.107.4.254,TCP,Binary/Encrypted Data
526,13:47:11,13.107.4.254,192.168.31.131,TCP,No payload
527,13:47:14,192.168.31.131,148.113.8.206,TCP,Binary/Encrypted Data
528,13:47:14,148.113.8.206,192.168.31.131,TCP,No payload
529,13:47:14,192.168.31.131,148.113.8.206,TCP,No payload
530,13:47:14,148.113.8.206,192.168.31.131,TCP,No payload
531,13:47:16,192.168.31.1,224.0.0.1,OTHER,Binary/Encrypted Data
532,13:47:16,192.168.31.131,224.0.0.22,OTHER,Binary/Encrypted Data
533,13:47:17,192.168.31.131,162.159.135.234,TCP,Binary/Encrypted Data
534,13:47:17,162.159.135.234,192.168.31.131,TCP,No payload
535,13:47:17,192.168.31.131,224.0.0.22,OTHER,Binary/Encrypted Data
536,13:47:17,162.159.135.234,192.168.31.131,TCP,Binary/Encrypted Data
537,13:47:17,192.168.31.131,162.159.135.234,TCP,No payload
538,13:47:17,192.168.31.131,224.0.0.22,OTHER,Binary/Encrypted Data
539,13:47:22,192.168.31.1,224.0.0.1,OTHER,Binary/Encrypted Data
540,13:47:22,192.168.31.131,224.0.0.22,OTHER,Binary/Encrypted Data
541,13:47:24,192.168.31.131,148.113.8.206,TCP,Binary/Encrypted Data
542,13:47:24,148.113.8.206,192.168.31.131,TCP,No payload
543,13:47:24,192.168.31.131,148.113.8.206,TCP,No payload
544,13:47:24,148.113.8.206,192.168.31.131,TCP,No payload
545,13:47:31,192.168.31.131,192.168.31.1,UDP,No payload
546,13:47:31,192.168.31.131,192.168.31.1,UDP,No payload
547,13:47:31,192.168.31.131,192.168.31.1,UDP,No payload
548,13:47:31,192.168.31.1,192.168.31.131,UDP,No payload
549,13:47:31,192.168.31.1,192.168.31.131,UDP,No payload
550,13:47:31,192.168.31.1,192.168.31.131,UDP,No payload
551,13:47:34,192.168.31.131,148.113.8.206,TCP,Binary/Encrypted Data
552,13:47:34,192.168.31.1,224.0.0.1,OTHER,Binary/Encrypted Data
553,13:47:34,148.113.8.206,192.168.31.131,TCP,No payload
554,13:47:34,192.168.31.131,224.0.0.22,OTHER,Binary/Encrypted Data
555,13:47:35,192.168.31.131,224.0.0.22,OTHER,Binary/Encrypted Data
556,13:47:35,192.168.31.131,224.0.0.22,OTHER,Binary/Encrypted Data
557,13:47:40,192.168.31.131,20.189.173.16,TCP,No payload
558,13:47:40,192.168.31.131,20.189.173.16,TCP,No payload
559,13:47:40,192.168.31.1,224.0.0.1,OTHER,Binary/Encrypted Data
560,13:47:40,20.189.173.16,192.168.31.131,TCP,No payload
561,13:47:40,20.189.173.16,192.168.31.131,TCP,No payload
562,13:47:40,192.168.31.131,20.189.173.16,TCP,No payload
563,13:47:40,192.168.31.131,20.189.173.16,TCP,No payload
564,13:47:40,192.168.31.131,20.189.173.16,TCP,Binary/Encrypted Data
565,13:47:40,192.168.31.131,224.0.0.22,OTHER,Binary/Encrypted Data
566,13:47:40,20.189.173.16,192.168.31.131,TCP,Binary/Encrypted Data
567,13:47:40,20.189.173.16,192.168.31.131,TCP,Binary/Encrypted Data
568,13:47:40,20.189.173.16,192.168.31.131,TCP,Binary/Encrypted Data
569,13:47:41,20.189.173.16,192.168.31.131,TCP,Binary/Encrypted Data
570,13:47:41,192.168.31.131,20.189.173.16,TCP,No payload
571,13:47:41,20.189.173.16,192.168.31.131,TCP,Binary/Encrypted Data
572,13:47:41,20.189.173.16,192.168.31.131,TCP,Binary/Encrypted Data
573,13:47:41,20.189.173.16,192.168.31.131,TCP,Binary/Encrypted Data
574,13:47:41,192.168.31.131,20.189.173.16,TCP,No payload
575,13:47:41,192.168.31.131,20.189.173.16,TCP,Binary/Encrypted Data
576,13:47:41,192.168.31.131,20.189.173.16,TCP,Binary/Encrypted Data
577,13:47:41,192.168.31.131,20.189.173.16,TCP,Binary/Encrypted Data
578,13:47:41,192.168.31.131,20.189.173.16,TCP,Binary/Encrypted Data
579,13:47:41,20.189.173.16,192.168.31.131,TCP,No payload
580,13:47:41,20.189.173.16,192.168.31.131,TCP,Binary/Encrypted Data
581,13:47:41,20.189.173.16,192.168.31.131,TCP,Binary/Encrypted Data
582,13:47:41,192.168.31.131,20.189.173.16,TCP,No payload
583,13:47:41,192.168.31.131,224.0.0.22,OTHER,Binary/Encrypted Data
584,13:47:41,192.168.31.131,224.0.0.22,OTHER,Binary/Encrypted Data
585,13:47:43,192.168.31.131,140.82.114.25,TCP,Binary/Encrypted Data
586,13:47:44,140.82.114.25,192.168.31.131,TCP,No payload
587,13:47:44,148.113.8.206,192.168.31.131,TCP,No payload
588,13:47:44,192.168.31.131,148.113.8.206,TCP,No payload
589,13:47:44,192.168.31.131,148.113.8.206,TCP,Binary/Encrypted Data
590,13:47:44,148.113.8.206,192.168.31.131,TCP,No payload
591,13:47:45,192.168.31.131,204.79.197.222,TCP,Binary/Encrypted Data
592,13:47:45,204.79.197.222,192.168.31.131,TCP,No payload
593,13:47:46,192.168.31.1,224.0.0.1,OTHER,Binary/Encrypted Data
594,13:47:46,192.168.31.131,224.0.0.22,OTHER,Binary/Encrypted Data
595,13:47:47,192.168.31.131,224.0.0.22,OTHER,Binary/Encrypted Data
596,13:47:52,192.168.31.1,224.0.0.1,OTHER,Binary/Encrypted Data
597,13:47:52,192.168.31.131,224.0.0.22,OTHER,Binary/Encrypted Data
598,13:47:52,162.159.135.234,192.168.31.131,TCP,Binary/Encrypted Data
599,13:47:53,192.168.31.131,162.159.135.234,TCP,No payload
600,13:47:53,192.168.31.131,224.0.0.22,OTHER,Binary/Encrypted Data
601,13:47:53,192.168.31.131,224.0.0.22,OTHER,Binary/Encrypted Data
602,13:47:54,192.168.31.131,148.113.8.206,TCP,Binary/Encrypted Data
603,13:47:55,148.113.8.206,192.168.31.131,TCP,No payload
604,13:47:55,148.113.8.206,192.168.31.131,TCP,No payload
605,13:47:55,192.168.31.131,148.113.8.206,TCP,No payload
606,13:47:56,192.168.31.131,13.107.4.254,TCP,Binary/Encrypted Data
607,13:47:57,13.107.4.254,192.168.31.131,TCP,No payload
608,13:47:57,192.168.31.131,192.168.31.1,UDP,No payload
609,13:47:57,192.168.31.131,192.168.31.1,UDP,No payload
610,13:47:57,192.168.31.1,192.168.31.131,UDP,No payload
611,13:47:57,192.168.31.1,192.168.31.131,UDP,No payload
612,13:47:57,192.168.31.131,13.107.5.93,TCP,No payload
613,13:47:57,192.168.31.131,13.107.5.93,TCP,No payload
614,13:47:57,13.107.5.93,192.168.31.131,TCP,No payload
615,13:47:57,192.168.31.131,13.107.5.93,TCP,No payload
616,13:47:57,192.168.31.131,13.107.5.93,TCP,Binary/Encrypted Data
617,13:47:57,13.107.5.93,192.168.31.131,TCP,No payload
618,13:47:57,192.168.31.131,13.107.5.93,TCP,No payload
619,13:47:57,192.168.31.131,13.107.5.93,TCP,Binary/Encrypted Data
620,13:47:57,140.82.114.25,192.168.31.131,TCP,Binary/Encrypted Data
621,13:47:57,192.168.31.131,140.82.114.25,TCP,Binary/Encrypted Data
622,13:47:57,13.107.5.93,192.168.31.131,TCP,No payload
623,13:47:57,13.107.5.93,192.168.31.131,TCP,Binary/Encrypted Data
624,13:47:57,13.107.5.93,192.168.31.131,TCP,Binary/Encrypted Data
625,13:47:58,13.107.5.93,192.168.31.131,TCP,Binary/Encrypted Data
626,13:47:58,13.107.5.93,192.168.31.131,TCP,Binary/Encrypted Data
627,13:47:58,192.168.31.131,13.107.5.93,TCP,No payload
628,13:47:58,192.168.31.131,13.107.5.93,TCP,No payload
629,13:47:58,13.107.5.93,192.168.31.131,TCP,Binary/Encrypted Data
630,13:47:58,13.107.5.93,192.168.31.131,TCP,Binary/Encrypted Data
631,13:47:58,13.107.5.93,192.168.31.131,TCP,Binary/Encrypted Data
632,13:47:58,13.107.5.93,192.168.31.131,TCP,No payload
633,13:47:58,192.168.31.131,13.107.5.93,TCP,No payload
634,13:47:58,13.107.5.93,192.168.31.131,TCP,Binary/Encrypted Data
635,13:47:58,13.107.5.93,192.168.31.131,TCP,Binary/Encrypted Data
636,13:47:58,192.168.31.131,13.107.5.93,TCP,No payload
637,13:47:58,13.107.5.93,192.168.31.131,TCP,Binary/Encrypted Data
638,13:47:58,13.107.5.93,192.168.31.131,TCP,Binary/Encrypted Data
639,13:47:58,13.107.5.93,192.168.31.131,TCP,Binary/Encrypted Data
640,13:47:58,13.107.5.93,192.168.31.131,TCP,Binary/Encrypted Data
641,13:47:58,13.107.5.93,192.168.31.131,TCP,Binary/Encrypted Data
642,13:47:58,192.168.31.131,13.107.5.93,TCP,No payload
643,13:47:58,192.168.31.131,13.107.5.93,TCP,No payload
644,13:47:58,192.168.31.131,13.107.5.93,TCP,No payload
645,13:47:59,192.168.31.131,13.107.5.93,TCP,Binary/Encrypted Data
646,13:47:59,192.168.31.131,13.107.5.93,TCP,Binary/Encrypted Data
647,13:47:59,192.168.31.131,13.107.5.93,TCP,Binary/Encrypted Data
648,13:47:59,192.168.31.131,13.107.5.93,TCP,Binary/Encrypted Data
649,13:47:59,192.168.31.131,13.107.5.93,TCP,Binary/Encrypted Data
650,13:47:59,192.168.31.131,13.107.5.93,TCP,Binary/Encrypted Data
651,13:47:59,13.107.5.93,192.168.31.131,TCP,No payload
652,13:47:59,13.107.5.93,192.168.31.131,TCP,Binary/Encrypted Data
653,13:47:59,13.107.5.93,192.168.31.131,TCP,Binary/Encrypted Data
654,13:47:59,13.107.5.93,192.168.31.131,TCP,No payload
655,13:47:59,192.168.31.131,13.107.5.93,TCP,No payload
656,13:47:59,192.168.31.131,13.107.5.93,TCP,Binary/Encrypted Data
657,13:47:59,13.107.5.93,192.168.31.131,TCP,No payload
658,13:47:59,13.107.5.93,192.168.31.131,TCP,Binary/Encrypted Data
659,13:47:59,13.107.5.93,192.168.31.131,TCP,Binary/Encrypted Data
660,13:47:59,192.168.31.131,13.107.5.93,TCP,No payload
661,13:47:59,192.168.31.131,13.107.5.93,TCP,Binary/Encrypted Data
662,13:47:59,13.107.5.93,192.168.31.131,TCP,No payload
663,13:47:59,13.107.5.93,192.168.31.131,TCP,Binary/Encrypted Data
664,13:47:59,13.107.5.93,192.168.31.131,TCP,Binary/Encrypted Data
665,13:47:59,13.107.5.93,192.168.31.131,TCP,Binary/Encrypted Data
666,13:47:59,192.168.31.131,13.107.5.93,TCP,No payload
667,13:47:59,13.107.5.93,192.168.31.131,TCP,Binary/Encrypted Data
668,13:47:59,13.107.5.93,192.168.31.131,TCP,Binary/Encrypted Data
669,13:48:00,13.107.5.93,192.168.31.131,TCP,Binary/Encrypted Data
670,13:48:00,13.107.5.93,192.168.31.131,TCP,Binary/Encrypted Data
671,13:48:00,13.107.5.93,192.168.31.131,TCP,Binary/Encrypted Data
672,13:48:00,13.107.5.93,192.168.31.131,TCP,Binary/Encrypted Data
673,13:48:00,13.107.5.93,192.168.31.131,TCP,Binary/Encrypted Data
674,13:48:00,13.107.5.93,192.168.31.131,TCP,Binary/Encrypted Data
675,13:48:00,13.107.5.93,192.168.31.131,TCP,Binary/Encrypted Data
676,13:48:00,192.168.31.131,13.107.5.93,TCP,No payload
677,13:48:00,13.107.5.93,192.168.31.131,TCP,No payload
678,13:48:00,13.107.5.93,192.168.31.131,TCP,Binary/Encrypted Data
679,13:48:00,13.107.5.93,192.168.31.131,TCP,Binary/Encrypted Data
680,13:48:00,13.107.5.93,192.168.31.131,TCP,Binary/Encrypted Data
681,13:48:00,13.107.5.93,192.168.31.131,TCP,Binary/Encrypted Data
682,13:48:00,13.107.5.93,192.168.31.131,TCP,Binary/Encrypted Data
683,13:48:00,13.107.5.93,192.168.31.131,TCP,Binary/Encrypted Data
684,13:48:00,192.168.31.131,13.107.5.93,TCP,No payload
685,13:48:00,192.168.31.131,13.107.5.93,TCP,No payload
686,13:48:00,192.168.31.131,13.107.5.93,TCP,No payload
687,13:48:00,13.107.5.93,192.168.31.131,TCP,Binary/Encrypted Data
688,13:48:00,13.107.5.93,192.168.31.131,TCP,Binary/Encrypted Data
689,13:48:00,13.107.5.93,192.168.31.131,TCP,Binary/Encrypted Data
690,13:48:01,13.107.5.93,192.168.31.131,TCP,Binary/Encrypted Data
691,13:48:01,13.107.5.93,192.168.31.131,TCP,Binary/Encrypted Data
692,13:48:01,13.107.5.93,192.168.31.131,TCP,Binary/Encrypted Data
693,13:48:01,13.107.5.93,192.168.31.131,TCP,Binary/Encrypted Data
694,13:48:01,192.168.31.131,13.107.5.93,TCP,No payload
695,13:48:01,140.82.114.25,192.168.31.131,TCP,No payload
696,13:48:01,192.168.31.131,162.159.135.234,TCP,Binary/Encrypted Data
697,13:48:01,162.159.135.234,192.168.31.131,TCP,No payload
698,13:48:01,192.168.31.1,224.0.0.1,OTHER,Binary/Encrypted Data
699,13:48:01,192.168.31.131,224.0.0.22,OTHER,Binary/Encrypted Data
700,13:48:01,162.159.135.234,192.168.31.131,TCP,Binary/Encrypted Data
701,13:48:01,192.168.31.131,162.159.135.234,TCP,No payload
702,13:48:01,192.168.31.131,224.0.0.22,OTHER,Binary/Encrypted Data
703,13:48:03,192.168.31.131,13.107.5.93,TCP,No payload
704,13:48:04,192.168.31.131,20.50.201.203,TCP,No payload
705,13:48:04,20.50.201.203,192.168.31.131,TCP,No payload
706,13:48:04,192.168.31.131,20.50.201.203,TCP,No payload
707,13:48:04,192.168.31.131,20.50.201.203,TCP,Binary/Encrypted Data
708,13:48:04,192.168.31.1,224.0.0.1,OTHER,Binary/Encrypted Data
709,13:48:04,20.50.201.203,192.168.31.131,TCP,Binary/Encrypted Data
710,13:48:04,20.50.201.203,192.168.31.131,TCP,Binary/Encrypted Data
711,13:48:04,20.50.201.203,192.168.31.131,TCP,Binary/Encrypted Data
712,13:48:04,20.50.201.203,192.168.31.131,TCP,Binary/Encrypted Data
713,13:48:04,20.50.201.203,192.168.31.131,TCP,Binary/Encrypted Data
714,13:48:04,192.168.31.131,20.50.201.203,TCP,No payload
715,13:48:04,192.168.31.131,20.50.201.203,TCP,No payload
716,13:48:04,20.50.201.203,192.168.31.131,TCP,Binary/Encrypted Data
717,13:48:04,20.50.201.203,192.168.31.131,TCP,Binary/Encrypted Data
718,13:48:04,192.168.31.131,20.50.201.203,TCP,No payload
719,13:48:04,192.168.31.131,20.50.201.203,TCP,Binary/Encrypted Data
720,13:48:05,192.168.31.131,20.50.201.203,TCP,Binary/Encrypted Data
721,13:48:05,192.168.31.131,20.50.201.203,TCP,Binary/Encrypted Data
722,13:48:05,192.168.31.131,20.50.201.203,TCP,Binary/Encrypted Data
723,13:48:05,192.168.31.131,224.0.0.22,OTHER,Binary/Encrypted Data
724,13:48:05,20.50.201.203,192.168.31.131,TCP,No payload
725,13:48:05,20.50.201.203,192.168.31.131,TCP,No payload
726,13:48:05,20.50.201.203,192.168.31.131,TCP,Binary/Encrypted Data
727,13:48:05,20.50.201.203,192.168.31.131,TCP,Binary/Encrypted Data
728,13:48:05,192.168.31.131,20.50.201.203,TCP,No payload
729,13:48:05,192.168.31.131,148.113.8.206,TCP,Binary/Encrypted Data
730,13:48:05,148.113.8.206,192.168.31.131,TCP,No payload
731,13:48:10,192.168.31.1,224.0.0.1,OTHER,Binary/Encrypted Data
732,13:48:10,192.168.31.131,224.0.0.22,OTHER,Binary/Encrypted Data
733,13:48:11,192.168.31.131,224.0.0.22,OTHER,Binary/Encrypted Data
734,13:48:11,192.168.31.131,224.0.0.22,OTHER,Binary/Encrypted Data
735,13:48:15,192.168.31.131,148.113.8.206,TCP,Binary/Encrypted Data
736,13:48:15,148.113.8.206,192.168.31.131,TCP,No payload
737,13:48:16,192.168.31.1,224.0.0.1,OTHER,Binary/Encrypted Data
738,13:48:16,192.168.31.131,224.0.0.22,OTHER,Binary/Encrypted Data
739,13:48:22,192.168.31.1,224.0.0.1,OTHER,Binary/Encrypted Data
740,13:48:23,192.168.31.131,224.0.0.22,OTHER,Binary/Encrypted Data
741,13:48:23,192.168.31.131,224.0.0.22,OTHER,Binary/Encrypted Data
742,13:48:24,192.168.31.131,20.189.173.16,TCP,Binary/Encrypted Data
743,13:48:24,192.168.31.131,20.189.173.16,TCP,Binary/Encrypted Data
744,13:48:24,192.168.31.131,20.189.173.16,TCP,Binary/Encrypted Data
745,13:48:24,20.189.173.16,192.168.31.131,TCP,No payload
746,13:48:24,20.189.173.16,192.168.31.131,TCP,Binary/Encrypted Data
747,13:48:24,192.168.31.131,20.189.173.16,TCP,No payload
748,13:48:25,192.168.31.131,148.113.8.206,TCP,Binary/Encrypted Data
749,13:48:25,148.113.8.206,192.168.31.131,TCP,No payload
750,13:48:25,192.168.31.131,148.113.8.206,TCP,No payload
751,13:48:25,148.113.8.206,192.168.31.131,TCP,No payload
752,13:48:28,192.168.31.131,192.168.31.1,UDP,No payload
753,13:48:28,192.168.31.131,192.168.31.1,UDP,No payload
754,13:48:28,192.168.31.131,192.168.31.1,UDP,No payload
755,13:48:28,192.168.31.131,192.168.31.1,UDP,No payload
756,13:48:28,192.168.31.131,192.168.31.1,UDP,No payload
757,13:48:28,192.168.31.1,192.168.31.131,UDP,No payload
758,13:48:28,192.168.31.1,192.168.31.131,UDP,No payload
759,13:48:28,192.168.31.1,192.168.31.131,UDP,No payload
760,13:48:28,192.168.31.1,192.168.31.131,UDP,No payload
761,13:48:28,192.168.31.1,192.168.31.131,UDP,No payload
762,13:48:28,192.168.31.1,224.0.0.1,OTHER,Binary/Encrypted Data
763,13:48:28,192.168.31.131,224.0.0.22,OTHER,Binary/Encrypted Data
764,13:48:29,192.168.31.131,224.0.0.22,OTHER,Binary/Encrypted Data
765,13:48:29,13.107.4.254,192.168.31.131,TCP,No payload
766,13:48:29,192.168.31.131,224.0.0.22,OTHER,Binary/Encrypted Data
767,13:48:30,192.168.31.131,204.79.197.222,TCP,Binary/Encrypted Data
768,13:48:30,204.79.197.222,192.168.31.131,TCP,No payload
769,13:48:33,192.168.31.131,20.50.201.203,TCP,Binary/Encrypted Data
770,13:48:33,192.168.31.131,20.50.201.203,TCP,Binary/Encrypted Data
771,13:48:33,192.168.31.131,20.50.201.203,TCP,Binary/Encrypted Data
772,13:48:33,20.50.201.203,192.168.31.131,TCP,No payload
773,13:48:33,20.50.201.203,192.168.31.131,TCP,Binary/Encrypted Data
774,13:48:33,192.168.31.131,20.50.201.203,TCP,No payload
775,13:48:33,192.168.31.131,20.50.201.203,TCP,Binary/Encrypted Data
776,13:48:33,192.168.31.131,20.50.201.203,TCP,Binary/Encrypted Data
777,13:48:33,192.168.31.131,20.50.201.203,TCP,Binary/Encrypted Data
778,13:48:33,20.50.201.203,192.168.31.131,TCP,No payload
779,13:48:33,20.50.201.203,192.168.31.131,TCP,No payload
780,13:48:34,20.50.201.203,192.168.31.131,TCP,Binary/Encrypted Data
781,13:48:34,192.168.31.131,20.50.201.203,TCP,No payload
782,13:48:34,192.168.31.1,224.0.0.1,OTHER,Binary/Encrypted Data
783,13:48:34,192.168.31.131,224.0.0.22,OTHER,Binary/Encrypted Data
784,13:48:35,192.168.31.131,224.0.0.22,OTHER,Binary/Encrypted Data
785,13:48:35,192.168.31.131,148.113.8.206,TCP,Binary/Encrypted Data
786,13:48:35,192.168.31.131,224.0.0.22,OTHER,Binary/Encrypted Data
787,13:48:35,148.113.8.206,192.168.31.131,TCP,No payload
788,13:48:39,192.168.31.131,162.159.135.234,TCP,Binary/Encrypted Data
789,13:48:39,162.159.135.234,192.168.31.131,TCP,No payload
790,13:48:40,162.159.135.234,192.168.31.131,TCP,Binary/Encrypted Data
791,13:48:40,192.168.31.131,162.159.135.234,TCP,No payload
792,13:48:40,192.168.31.1,224.0.0.1,OTHER,Binary/Encrypted Data
793,13:48:40,192.168.31.131,224.0.0.22,OTHER,Binary/Encrypted Data
794,13:48:41,192.168.31.131,224.0.0.22,OTHER,Binary/Encrypted Data
795,13:48:42,192.168.31.131,140.82.114.25,TCP,Binary/Encrypted Data
796,13:48:43,192.168.31.131,192.168.31.1,UDP,No payload
797,13:48:43,192.168.31.131,192.168.31.1,UDP,No payload
798,13:48:43,192.168.31.131,192.168.31.1,UDP,No payload
799,13:48:43,192.168.31.1,192.168.31.131,UDP,No payload
800,13:48:43,192.168.31.1,192.168.31.131,UDP,No payload
801,13:48:43,192.168.31.1,192.168.31.131,UDP,No payload
802,13:48:43,140.82.114.25,192.168.31.131,TCP,No payload
803,13:48:45,148.113.8.206,192.168.31.131,TCP,No payload
804,13:48:45,192.168.31.131,148.113.8.206,TCP,No payload
805,13:48:45,192.168.31.131,148.113.8.206,TCP,Binary/Encrypted Data
806,13:48:45,148.113.8.206,192.168.31.131,TCP,No payload
807,13:48:46,192.168.31.1,224.0.0.1,OTHER,Binary/Encrypted Data
808,13:48:46,192.168.31.131,224.0.0.22,OTHER,Binary/Encrypted Data
809,13:48:46,192.168.31.131,192.168.31.1,UDP,No payload
810,13:48:47,192.168.31.131,192.168.31.1,UDP,No payload
811,13:48:47,192.168.31.131,192.168.31.1,UDP,No payload
812,13:48:47,192.168.31.1,192.168.31.131,UDP,No payload
813,13:48:47,192.168.31.1,192.168.31.131,UDP,No payload
814,13:48:47,192.168.31.1,192.168.31.131,UDP,No payload
815,13:48:47,192.168.31.131,224.0.0.22,OTHER,Binary/Encrypted Data
816,13:48:47,192.168.31.1,224.0.0.252,OTHER,Binary/Encrypted Data
817,13:48:47,192.168.31.131,224.0.0.22,OTHER,Binary/Encrypted Data
818,13:48:47,192.168.31.131,224.0.0.22,OTHER,Binary/Encrypted Data
819,13:48:47,192.168.31.131,224.0.0.22,OTHER,Binary/Encrypted Data
820,13:48:47,192.168.31.131,224.0.0.252,UDP,No payload
821,13:48:47,192.168.31.131,224.0.0.252,UDP,No payload
822,13:48:48,192.168.31.131,192.168.31.1,UDP,No payload
823,13:48:48,192.168.31.131,192.168.31.1,UDP,No payload
824,13:48:48,192.168.31.131,192.168.31.1,UDP,No payload
825,13:48:48,192.168.31.1,192.168.31.131,UDP,No payload
826,13:48:48,192.168.31.1,192.168.31.131,UDP,No payload
827,13:48:48,192.168.31.1,192.168.31.131,UDP,No payload
828,13:48:48,192.168.31.131,162.159.136.232,UDP,Binary/Encrypted Data
829,13:48:48,192.168.31.131,162.159.136.232,UDP,Binary/Encrypted Data
830,13:48:48,192.168.31.131,162.159.136.232,UDP,Binary/Encrypted Data
831,13:48:48,162.159.136.232,192.168.31.131,UDP,Binary/Encrypted Data
832,13:48:48,162.159.136.232,192.168.31.131,UDP,Binary/Encrypted Data
833,13:48:48,162.159.136.232,192.168.31.131,UDP,Binary/Encrypted Data
834,13:48:48,162.159.136.232,192.168.31.131,UDP,Binary/Encrypted Data
835,13:48:48,162.159.136.232,192.168.31.131,UDP,Binary/Encrypted Data
836,13:48:48,162.159.136.232,192.168.31.131,UDP,Binary/Encrypted Data
837,13:48:48,192.168.31.131,162.159.136.232,UDP,Binary/Encrypted Data
838,13:48:48,192.168.31.131,162.159.136.232,UDP,Binary/Encrypted Data
839,13:48:48,192.168.31.131,162.159.136.232,UDP,Binary/Encrypted Data
840,13:48:48,192.168.31.131,162.159.136.232,UDP,Binary/Encrypted Data
841,13:48:48,192.168.31.131,162.159.136.232,UDP,Binary/Encrypted Data
842,13:48:48,192.168.31.131,162.159.136.232,UDP,Binary/Encrypted Data
843,13:48:48,192.168.31.131,162.159.136.232,UDP,Binary/Encrypted Data
844,13:48:49,192.168.31.131,162.159.136.232,UDP,Binary/Encrypted Data
845,13:48:49,162.159.136.232,192.168.31.131,UDP,Binary/Encrypted Data
846,13:48:49,192.168.31.131,162.159.136.232,UDP,Binary/Encrypted Data
847,13:48:49,192.168.31.131,224.0.0.22,OTHER,Binary/Encrypted Data
848,13:48:49,192.168.31.131,224.0.0.22,OTHER,Binary/Encrypted Data
849,13:48:49,192.168.31.131,224.0.0.22,OTHER,Binary/Encrypted Data
850,13:48:49,192.168.31.131,224.0.0.22,OTHER,Binary/Encrypted Data
851,13:48:49,192.168.31.131,224.0.0.252,UDP,No payload
852,13:48:49,162.159.136.232,192.168.31.131,UDP,Binary/Encrypted Data
853,13:48:49,192.168.31.131,162.159.136.232,UDP,Binary/Encrypted Data
854,13:48:49,192.168.31.1,224.0.0.252,OTHER,Binary/Encrypted Data
855,13:48:49,192.168.31.1,224.0.0.252,OTHER,Binary/Encrypted Data
856,13:48:49,192.168.31.131,224.0.0.22,OTHER,Binary/Encrypted Data
857,13:48:49,192.168.31.131,224.0.0.252,UDP,No payload
858,13:48:52,192.168.31.1,224.0.0.1,OTHER,Binary/Encrypted Data
859,13:48:52,192.168.31.131,224.0.0.22,OTHER,Binary/Encrypted Data
860,13:48:53,192.168.31.131,224.0.0.22,OTHER,Binary/Encrypted Data
861,13:48:53,192.168.31.131,224.0.0.22,OTHER,Binary/Encrypted Data
862,13:48:55,192.168.31.131,148.113.8.206,TCP,Binary/Encrypted Data
863,13:48:55,148.113.8.206,192.168.31.131,TCP,No payload
864,13:48:56,148.113.8.206,192.168.31.131,TCP,No payload
865,13:48:56,192.168.31.131,148.113.8.206,TCP,No payload
866,13:48:57,140.82.114.25,192.168.31.131,TCP,Binary/Encrypted Data
867,13:48:57,192.168.31.131,140.82.114.25,TCP,Binary/Encrypted Data
868,13:48:58,140.82.114.25,192.168.31.131,TCP,No payload
869,13:48:58,192.168.31.1,224.0.0.1,OTHER,Binary/Encrypted Data
870,13:48:58,192.168.31.131,224.0.0.22,OTHER,Binary/Encrypted Data
871,13:48:59,192.168.31.131,224.0.0.22,OTHER,Binary/Encrypted Data
872,13:48:59,192.168.31.131,224.0.0.22,OTHER,Binary/Encrypted Data
